[
    {
      "ID": "078227a1-4f87-e911-a6b3-0c9d9217f879",
      "CompanyName": "Sandbox Company_US_1",
      "QBCompanyID": null,
      "Domain": 0,
      "RiskScore": 39,
      "DebtorDaysRatio": 0,
      "BorrowerID": null,
      "LegalName": "Sandbox Company_US_1",
      "Country": "US",
      "Email": null,
      "FiscalYearStartMonth": null,
      "CompanyStartDate": null,
      "IndustryType": null,
      "SectorType": 0,
      "AccessToken": null,
      "RefreshToken": null,
      "RiskScoreLastUpdatedDate": null,
      "LastDownloadedDate": "2019-06-04T22:12:58.559-07:00",
      "LastConnectedDate": "2019-06-04T22:06:06.045-07:00",
      "time": null,
      "Description": null,
      "KycStatus": 0,
      "IsUpdateDescription": false,
      "BusinessHash": "50eeb39a87a609c644bd2d4c97b0cad0579824a9f5ad09e4a683d495cac58025",
      "HomeCurrency": "USD",
      "InvitationStatus": 1,
      "Alerts": [],
      "TotalBusinesses": 9
    },
    {
      "ID": "c96dad6b-8920-e911-9b79-d43d7ece2fab",
      "CompanyName": "Sandbox Company_US_1",
      "QBCompanyID": null,
      "Domain": 0,
      "RiskScore": 0,
      "DebtorDaysRatio": 0,
      "BorrowerID": null,
      "LegalName": "Sandbox Company_US_1",
      "Country": "US",
      "Email": null,
      "FiscalYearStartMonth": null,
      "CompanyStartDate": null,
      "IndustryType": null,
      "SectorType": 0,
      "AccessToken": null,
      "RefreshToken": null,
      "RiskScoreLastUpdatedDate": null,
      "LastDownloadedDate": "2019-06-04T03:13:32.874-07:00",
      "LastConnectedDate": "2019-05-28T23:30:32.671-07:00",
      "time": null,
      "Description": null,
      "KycStatus": 0,
      "IsUpdateDescription": false,
      "BusinessHash": "50eeb39a87a609c644bd2d4c97b0cad0579824a9f5ad09e4a683d495cac58025",
      "HomeCurrency": "USD",
      "InvitationStatus": 1,
      "Alerts": [],
      "TotalBusinesses": 9
    },
    {
      "ID": "8f0460bd-3481-e911-a6ac-0c9d9217f879",
      "CompanyName": "Sandbox Company_CA_3",
      "QBCompanyID": null,
      "Domain": 0,
      "RiskScore": 44,
      "DebtorDaysRatio": 0,
      "BorrowerID": null,
      "LegalName": "Sandbox Company_CA_3",
      "Country": "CA",
      "Email": null,
      "FiscalYearStartMonth": null,
      "CompanyStartDate": null,
      "IndustryType": "Party planning services",
      "SectorType": 0,
      "AccessToken": null,
      "RefreshToken": null,
      "RiskScoreLastUpdatedDate": null,
      "LastDownloadedDate": "2019-05-28T06:01:51.626-07:00",
      "LastConnectedDate": "2019-05-28T03:38:31.799-07:00",
      "time": null,
      "Description": null,
      "KycStatus": 0,
      "IsUpdateDescription": false,
      "BusinessHash": "50eeb39a87a609c644bd2d4c97b0cad0579824a9f5ad09e4a683d495cac58025",
      "HomeCurrency": "CAD",
      "InvitationStatus": 1,
      "Alerts": [],
      "TotalBusinesses": 9
    },
    {
      "ID": "374d4d33-ac7b-e911-a6a7-0c9d9217f879",
      "CompanyName": "Sandbox Company_US_6",
      "QBCompanyID": null,
      "Domain": 0,
      "RiskScore": 47,
      "DebtorDaysRatio": 0,
      "BorrowerID": null,
      "LegalName": "Sandbox Company_US_6",
      "Country": "US",
      "Email": null,
      "FiscalYearStartMonth": null,
      "CompanyStartDate": null,
      "IndustryType": null,
      "SectorType": 0,
      "AccessToken": null,
      "RefreshToken": null,
      "RiskScoreLastUpdatedDate": null,
      "LastDownloadedDate": "2019-05-21T02:38:32.177-07:00",
      "LastConnectedDate": "2019-05-21T02:38:32.177-07:00",
      "time": null,
      "Description": null,
      "KycStatus": 0,
      "IsUpdateDescription": false,
      "BusinessHash": "50eeb39a87a609c644bd2d4c97b0cad0579824a9f5ad09e4a683d495cac58025",
      "HomeCurrency": "USD",
      "InvitationStatus": 1,
      "Alerts": [],
      "TotalBusinesses": 9
    },
    {
      "ID": "4dea957a-a62e-e911-a68d-0c9d9217f879",
      "CompanyName": "Sandbox Company_CA_3",
      "QBCompanyID": null,
      "Domain": 0,
      "RiskScore": 53,
      "DebtorDaysRatio": 0,
      "BorrowerID": null,
      "LegalName": "Sandbox Company_CA_3",
      "Country": "CA",
      "Email": null,
      "FiscalYearStartMonth": null,
      "CompanyStartDate": null,
      "IndustryType": "Party planning services",
      "SectorType": 0,
      "AccessToken": null,
      "RefreshToken": null,
      "RiskScoreLastUpdatedDate": null,
      "LastDownloadedDate": "2019-05-21T02:29:17.602-07:00",
      "LastConnectedDate": "2019-05-21T02:29:17.602-07:00",
      "time": null,
      "Description": null,
      "KycStatus": 0,
      "IsUpdateDescription": false,
      "BusinessHash": "50eeb39a87a609c644bd2d4c97b0cad0579824a9f5ad09e4a683d495cac58025",
      "HomeCurrency": "CAD",
      "InvitationStatus": 1,
      "Alerts": [],
      "TotalBusinesses": 9
    },
    {
      "ID": "77f47167-ab2e-e911-a68d-0c9d9217f879",
      "CompanyName": "Sandbox Company_UK_4",
      "QBCompanyID": null,
      "Domain": 0,
      "RiskScore": 58,
      "DebtorDaysRatio": 0,
      "BorrowerID": null,
      "LegalName": "Sandbox Company_UK_4",
      "Country": "GB",
      "Email": null,
      "FiscalYearStartMonth": null,
      "CompanyStartDate": null,
      "IndustryType": "Party planning services",
      "SectorType": 0,
      "AccessToken": null,
      "RefreshToken": null,
      "RiskScoreLastUpdatedDate": null,
      "LastDownloadedDate": "2019-05-17T03:33:43.546-07:00",
      "LastConnectedDate": "2019-05-17T03:29:34.958-07:00",
      "time": null,
      "Description": null,
      "KycStatus": 0,
      "IsUpdateDescription": false,
      "BusinessHash": "50eeb39a87a609c644bd2d4c97b0cad0579824a9f5ad09e4a683d495cac58025",
      "HomeCurrency": "GBP",
      "InvitationStatus": 1,
      "Alerts": [],
      "TotalBusinesses": 9
    },
    {
      "ID": "4dc47c3d-9944-e911-a68f-0c9d9217f879",
      "CompanyName": "Sandbox Company_US_2",
      "QBCompanyID": null,
      "Domain": 0,
      "RiskScore": 47,
      "DebtorDaysRatio": 0,
      "BorrowerID": null,
      "LegalName": "Sandbox Company_US_2",
      "Country": "US",
      "Email": null,
      "FiscalYearStartMonth": null,
      "CompanyStartDate": null,
      "IndustryType": null,
      "SectorType": 0,
      "AccessToken": null,
      "RefreshToken": null,
      "RiskScoreLastUpdatedDate": null,
      "LastDownloadedDate": "2019-05-15T03:33:00.986-07:00",
      "LastConnectedDate": "2019-05-14T05:01:40.353-07:00",
      "time": null,
      "Description": null,
      "KycStatus": 0,
      "IsUpdateDescription": false,
      "BusinessHash": "50eeb39a87a609c644bd2d4c97b0cad0579824a9f5ad09e4a683d495cac58025",
      "HomeCurrency": "USD",
      "InvitationStatus": 1,
      "Alerts": [],
      "TotalBusinesses": 9
    },
    {
      "ID": "a5cf1c00-9a2e-e911-a68d-0c9d9217f879",
      "CompanyName": "Sandbox Company_UK_5",
      "QBCompanyID": null,
      "Domain": 0,
      "RiskScore": 53,
      "DebtorDaysRatio": 0,
      "BorrowerID": null,
      "LegalName": "Sandbox Company_UK_5",
      "Country": "GB",
      "Email": null,
      "FiscalYearStartMonth": null,
      "CompanyStartDate": null,
      "IndustryType": "Party planning services",
      "SectorType": 0,
      "AccessToken": null,
      "RefreshToken": null,
      "RiskScoreLastUpdatedDate": null,
      "LastDownloadedDate": "2019-05-13T21:41:25.126-07:00",
      "LastConnectedDate": "2019-05-13T21:41:25.126-07:00",
      "time": null,
      "Description": null,
      "KycStatus": 0,
      "IsUpdateDescription": false,
      "BusinessHash": "50eeb39a87a609c644bd2d4c97b0cad0579824a9f5ad09e4a683d495cac58025",
      "HomeCurrency": "GBP",
      "InvitationStatus": 1,
      "Alerts": [],
      "TotalBusinesses": 9
    },
    {
      "ID": "b6a0b83f-3581-e911-a6ac-0c9d9217f879",
      "CompanyName": "Sandbox Company_CA_2",
      "QBCompanyID": null,
      "Domain": 0,
      "RiskScore": 0,
      "DebtorDaysRatio": 0,
      "BorrowerID": null,
      "LegalName": "Sandbox Company_CA_2",
      "Country": "CA",
      "Email": null,
      "FiscalYearStartMonth": null,
      "CompanyStartDate": null,
      "IndustryType": "Party planning services",
      "SectorType": 0,
      "AccessToken": null,
      "RefreshToken": null,
      "RiskScoreLastUpdatedDate": null,
      "LastDownloadedDate": null,
      "LastConnectedDate": "2019-05-28T03:42:10.484-07:00",
      "time": null,
      "Description": null,
      "KycStatus": 0,
      "IsUpdateDescription": false,
      "BusinessHash": "50eeb39a87a609c644bd2d4c97b0cad0579824a9f5ad09e4a683d495cac58025",
      "HomeCurrency": "CAD",
      "InvitationStatus": 1,
      "Alerts": [],
      "TotalBusinesses": 9
    },
    {
      "ID": "078227a1-4f87-e911-a6b3-0c9d9217f879",
      "CompanyName": "Sandbox Company_US_1",
      "QBCompanyID": null,
      "Domain": 0,
      "RiskScore": 39,
      "DebtorDaysRatio": 0,
      "BorrowerID": null,
      "LegalName": "Sandbox Company_US_1",
      "Country": "US",
      "Email": null,
      "FiscalYearStartMonth": null,
      "CompanyStartDate": null,
      "IndustryType": null,
      "SectorType": 0,
      "AccessToken": null,
      "RefreshToken": null,
      "RiskScoreLastUpdatedDate": null,
      "LastDownloadedDate": "2019-06-04T22:12:58.559-07:00",
      "LastConnectedDate": "2019-06-04T22:06:06.045-07:00",
      "time": null,
      "Description": null,
      "KycStatus": 0,
      "IsUpdateDescription": false,
      "BusinessHash": "50eeb39a87a609c644bd2d4c97b0cad0579824a9f5ad09e4a683d495cac58025",
      "HomeCurrency": "USD",
      "InvitationStatus": 1,
      "Alerts": [],
      "TotalBusinesses": 9
    },
    {
      "ID": "c96dad6b-8920-e911-9b79-d43d7ece2fab",
      "CompanyName": "Sandbox Company_US_1",
      "QBCompanyID": null,
      "Domain": 0,
      "RiskScore": 0,
      "DebtorDaysRatio": 0,
      "BorrowerID": null,
      "LegalName": "Sandbox Company_US_1",
      "Country": "US",
      "Email": null,
      "FiscalYearStartMonth": null,
      "CompanyStartDate": null,
      "IndustryType": null,
      "SectorType": 0,
      "AccessToken": null,
      "RefreshToken": null,
      "RiskScoreLastUpdatedDate": null,
      "LastDownloadedDate": "2019-06-04T03:13:32.874-07:00",
      "LastConnectedDate": "2019-05-28T23:30:32.671-07:00",
      "time": null,
      "Description": null,
      "KycStatus": 0,
      "IsUpdateDescription": false,
      "BusinessHash": "50eeb39a87a609c644bd2d4c97b0cad0579824a9f5ad09e4a683d495cac58025",
      "HomeCurrency": "USD",
      "InvitationStatus": 1,
      "Alerts": [],
      "TotalBusinesses": 9
    },
    {
      "ID": "8f0460bd-3481-e911-a6ac-0c9d9217f879",
      "CompanyName": "Sandbox Company_CA_3",
      "QBCompanyID": null,
      "Domain": 0,
      "RiskScore": 44,
      "DebtorDaysRatio": 0,
      "BorrowerID": null,
      "LegalName": "Sandbox Company_CA_3",
      "Country": "CA",
      "Email": null,
      "FiscalYearStartMonth": null,
      "CompanyStartDate": null,
      "IndustryType": "Party planning services",
      "SectorType": 0,
      "AccessToken": null,
      "RefreshToken": null,
      "RiskScoreLastUpdatedDate": null,
      "LastDownloadedDate": "2019-05-28T06:01:51.626-07:00",
      "LastConnectedDate": "2019-05-28T03:38:31.799-07:00",
      "time": null,
      "Description": null,
      "KycStatus": 0,
      "IsUpdateDescription": false,
      "BusinessHash": "50eeb39a87a609c644bd2d4c97b0cad0579824a9f5ad09e4a683d495cac58025",
      "HomeCurrency": "CAD",
      "InvitationStatus": 1,
      "Alerts": [],
      "TotalBusinesses": 9
    },
    {
      "ID": "374d4d33-ac7b-e911-a6a7-0c9d9217f879",
      "CompanyName": "Sandbox Company_US_6",
      "QBCompanyID": null,
      "Domain": 0,
      "RiskScore": 47,
      "DebtorDaysRatio": 0,
      "BorrowerID": null,
      "LegalName": "Sandbox Company_US_6",
      "Country": "US",
      "Email": null,
      "FiscalYearStartMonth": null,
      "CompanyStartDate": null,
      "IndustryType": null,
      "SectorType": 0,
      "AccessToken": null,
      "RefreshToken": null,
      "RiskScoreLastUpdatedDate": null,
      "LastDownloadedDate": "2019-05-21T02:38:32.177-07:00",
      "LastConnectedDate": "2019-05-21T02:38:32.177-07:00",
      "time": null,
      "Description": null,
      "KycStatus": 0,
      "IsUpdateDescription": false,
      "BusinessHash": "50eeb39a87a609c644bd2d4c97b0cad0579824a9f5ad09e4a683d495cac58025",
      "HomeCurrency": "USD",
      "InvitationStatus": 1,
      "Alerts": [],
      "TotalBusinesses": 9
    },
    {
      "ID": "4dea957a-a62e-e911-a68d-0c9d9217f879",
      "CompanyName": "Sandbox Company_CA_3",
      "QBCompanyID": null,
      "Domain": 0,
      "RiskScore": 53,
      "DebtorDaysRatio": 0,
      "BorrowerID": null,
      "LegalName": "Sandbox Company_CA_3",
      "Country": "CA",
      "Email": null,
      "FiscalYearStartMonth": null,
      "CompanyStartDate": null,
      "IndustryType": "Party planning services",
      "SectorType": 0,
      "AccessToken": null,
      "RefreshToken": null,
      "RiskScoreLastUpdatedDate": null,
      "LastDownloadedDate": "2019-05-21T02:29:17.602-07:00",
      "LastConnectedDate": "2019-05-21T02:29:17.602-07:00",
      "time": null,
      "Description": null,
      "KycStatus": 0,
      "IsUpdateDescription": false,
      "BusinessHash": "50eeb39a87a609c644bd2d4c97b0cad0579824a9f5ad09e4a683d495cac58025",
      "HomeCurrency": "CAD",
      "InvitationStatus": 1,
      "Alerts": [],
      "TotalBusinesses": 9
    },
    {
      "ID": "77f47167-ab2e-e911-a68d-0c9d9217f879",
      "CompanyName": "Sandbox Company_UK_4",
      "QBCompanyID": null,
      "Domain": 0,
      "RiskScore": 58,
      "DebtorDaysRatio": 0,
      "BorrowerID": null,
      "LegalName": "Sandbox Company_UK_4",
      "Country": "GB",
      "Email": null,
      "FiscalYearStartMonth": null,
      "CompanyStartDate": null,
      "IndustryType": "Party planning services",
      "SectorType": 0,
      "AccessToken": null,
      "RefreshToken": null,
      "RiskScoreLastUpdatedDate": null,
      "LastDownloadedDate": "2019-05-17T03:33:43.546-07:00",
      "LastConnectedDate": "2019-05-17T03:29:34.958-07:00",
      "time": null,
      "Description": null,
      "KycStatus": 0,
      "IsUpdateDescription": false,
      "BusinessHash": "50eeb39a87a609c644bd2d4c97b0cad0579824a9f5ad09e4a683d495cac58025",
      "HomeCurrency": "GBP",
      "InvitationStatus": 1,
      "Alerts": [],
      "TotalBusinesses": 9
    },
    {
      "ID": "4dc47c3d-9944-e911-a68f-0c9d9217f879",
      "CompanyName": "Sandbox Company_US_2",
      "QBCompanyID": null,
      "Domain": 0,
      "RiskScore": 47,
      "DebtorDaysRatio": 0,
      "BorrowerID": null,
      "LegalName": "Sandbox Company_US_2",
      "Country": "US",
      "Email": null,
      "FiscalYearStartMonth": null,
      "CompanyStartDate": null,
      "IndustryType": null,
      "SectorType": 0,
      "AccessToken": null,
      "RefreshToken": null,
      "RiskScoreLastUpdatedDate": null,
      "LastDownloadedDate": "2019-05-15T03:33:00.986-07:00",
      "LastConnectedDate": "2019-05-14T05:01:40.353-07:00",
      "time": null,
      "Description": null,
      "KycStatus": 0,
      "IsUpdateDescription": false,
      "BusinessHash": "50eeb39a87a609c644bd2d4c97b0cad0579824a9f5ad09e4a683d495cac58025",
      "HomeCurrency": "USD",
      "InvitationStatus": 1,
      "Alerts": [],
      "TotalBusinesses": 9
    },
    {
      "ID": "a5cf1c00-9a2e-e911-a68d-0c9d9217f879",
      "CompanyName": "Sandbox Company_UK_5",
      "QBCompanyID": null,
      "Domain": 0,
      "RiskScore": 53,
      "DebtorDaysRatio": 0,
      "BorrowerID": null,
      "LegalName": "Sandbox Company_UK_5",
      "Country": "GB",
      "Email": null,
      "FiscalYearStartMonth": null,
      "CompanyStartDate": null,
      "IndustryType": "Party planning services",
      "SectorType": 0,
      "AccessToken": null,
      "RefreshToken": null,
      "RiskScoreLastUpdatedDate": null,
      "LastDownloadedDate": "2019-05-13T21:41:25.126-07:00",
      "LastConnectedDate": "2019-05-13T21:41:25.126-07:00",
      "time": null,
      "Description": null,
      "KycStatus": 0,
      "IsUpdateDescription": false,
      "BusinessHash": "50eeb39a87a609c644bd2d4c97b0cad0579824a9f5ad09e4a683d495cac58025",
      "HomeCurrency": "GBP",
      "InvitationStatus": 1,
      "Alerts": [],
      "TotalBusinesses": 9
    },
    {
      "ID": "b6a0b83f-3581-e911-a6ac-0c9d9217f879",
      "CompanyName": "Sandbox Company_CA_2",
      "QBCompanyID": null,
      "Domain": 0,
      "RiskScore": 0,
      "DebtorDaysRatio": 0,
      "BorrowerID": null,
      "LegalName": "Sandbox Company_CA_2",
      "Country": "CA",
      "Email": null,
      "FiscalYearStartMonth": null,
      "CompanyStartDate": null,
      "IndustryType": "Party planning services",
      "SectorType": 0,
      "AccessToken": null,
      "RefreshToken": null,
      "RiskScoreLastUpdatedDate": null,
      "LastDownloadedDate": null,
      "LastConnectedDate": "2019-05-28T03:42:10.484-07:00",
      "time": null,
      "Description": null,
      "KycStatus": 0,
      "IsUpdateDescription": false,
      "BusinessHash": "50eeb39a87a609c644bd2d4c97b0cad0579824a9f5ad09e4a683d495cac58025",
      "HomeCurrency": "CAD",
      "InvitationStatus": 1,
      "Alerts": [],
      "TotalBusinesses": 9
    }
  ]