[
    {
      "position":1,
      "Number": "Bill-1",
      "Date": "02/12/2019",
      "DueDate": "02/12/2019",
      "Vendor": "Smith",
      "Total": "$20000.00",
      "Balance": "$2.40",
      "Status": "Partialy Paid",
      "Action": "Make Payment"  
    },
    {
      "position":2,
      "Number": "Bill-2",
      "Date": "02/12/2019",
      "DueDate": "02/12/2019",
      "Vendor": "Smith",
      "Total": "$20000.00",
      "Balance": "$2.40",
      "Status": "Paid",
      "Action": "Make Payment"  
    },
    {
      "position":3,
      "Number": "Bill-3",
      "Date": "02/12/2019",
      "DueDate": "02/12/2019",
      "Vendor": "Smith",
      "Total": "$20000.00",
      "Balance": "$2.40",
      "Status": "Open",
      "Action": "Make Payment"  
    },
    {
      "position":4,
      "Number": "Bill-4",
      "Date": "02/12/2019",
      "DueDate": "02/12/2019",
      "Vendor": "Umith",
      "Total": "$20000.00",
      "Balance": "$2.40",
      "Status": "Paid",
      "Action": "Make Payment"  
    },
    {
      "position":5,
      "Number": "Bill-5",
      "Date": "02/12/2019",
      "DueDate": "02/12/2019",
      "Vendor": "Smith",
      "Total": "$20000.00",
      "Balance": "$2.40",
      "Status": "Partialy Paid",
      "Action": "Make Payment"  
    },
    {
      "position":6,
      "Number": "Bill-6",
      "Date": "02/12/2019",
      "DueDate": "02/12/2019",
      "Vendor": "Smith",
      "Total": "$20000.00",
      "Balance": "$2.40",
      "Status": " Paid",
      "Action": "Make Payment"  
    },
    {
      "position":7,
      "Number": "Bill-7",
      "Date": "02/12/2019",
      "DueDate": "02/12/2019",
      "Vendor": "Smith",
      "Total": "$20000.00",
      "Balance": "$2.40",
      "Status": "Open",
      "Action": "Make Payment"  
    },
    {
      "position":8,
      "Number": "Bill-8",
      "Date": "02/12/2019",
      "DueDate": "02/12/2019",
      "Vendor": "Smith",
      "Total": "$20000.00",
      "Balance": "$2.40",
      "Status": "Partialy Paid",
      "Action": "Make Payment"  
    },{
      "position":9,
      "Number": "Bill-9",
      "Date": "02/12/2019",
      "DueDate": "02/12/2019",
      "Vendor": "Smith",
      "Total": "$20000.00",
      "Balance": "$2.40",
      "Status": "Partialy Paid",
      "Action": "Make Payment"  
    },
    {
      "position":10,
      "Number": "Bill-10",
      "Date": "02/12/2019",
      "DueDate": "02/12/2019",
      "Vendor": "Smith",
      "Total": "$20000.00",
      "Balance": "$2.40",
      "Status": "Partialy Paid",
      "Action": "Make Payment"  
    },
    {
      "position":11,
      "Number": "Bill-11",
      "Date": "02/12/2019",
      "DueDate": "02/12/2019",
      "Vendor": "Smith",
      "Total": "$20000.00",
      "Balance": "$2.40",
      "Status": "Partialy Paid",
      "Action": "Make Payment"  
    },
    {
      "position":12,
      "Number": "Bill-12",
      "Date": "02/12/2019",
      "Due Date": "02/12/2019",
      "Vendor": "Smith",
      "Total": "$20000.00",
      "Balance": "$2.40",
      "Status": "Partialy Paid",
      "Action": "Make Payment"  
    },
    {
      "position":13,
      "Number": "Bill-13",
      "Date": "02/12/2019",
      "DueDate": "02/12/2019",
      "Vendor": "Smith",
      "Total": "$20000.00",
      "Balance": "$2.40",
      "Status": "Partialy Paid",
      "Action": "Make Payment"  
    },
    {
      "position":14,
      "Number": "Bill-14",
      "Date": "02/12/2019",
      "Due Date": "02/12/2019",
      "Vendor": "Smith",
      "Total": "$20000.00",
      "Balance": "$2.40",
      "Status": "Partialy Paid",
      "Action": "Make Payment"  
    },
    {
      "position":15,
      "Number": "Bill-15",
      "Date": "02/12/2019",
      "DueDate": "02/12/2019",
      "Vendor": "Smith",
      "Total": "$20000.00",
      "Balance": "$2.40",
      "Status": "Partialy Paid",
      "Action": "Make Payment"  
    }
  ]